{"last_node_id":15,"last_link_id":26,"nodes":[{"id":5,"type":"graph/output","pos":[1265,331],"size":[180,60],"flags":{"collapsed":false},"order":4,"mode":0,"inputs":[{"name":"","type":"number","link":24}],"properties":{"name":"output","type":"number"}},{"id":13,"type":"basic/watch","pos":[1228,213],"size":{"0":140,"1":26},"flags":{},"order":5,"mode":0,"inputs":[{"name":"value","type":0,"link":25,"label":"0.000"}],"properties":{}},{"id":9,"type":"math/condition","pos":[754,261],"size":[180,61],"flags":{},"order":2,"mode":0,"inputs":[{"name":"A","type":"number","link":9},{"name":"B","type":"number","link":10}],"outputs":[{"name":"true","type":"boolean","links":[21]},{"name":"false","type":"boolean","links":null}],"properties":{"A":6.957165000028908,"B":4,"OP":"<"}},{"id":7,"type":"basic/time","pos":[406,262],"size":{"0":140,"1":46},"flags":{},"order":0,"mode":0,"outputs":[{"name":"in ms","type":"number","links":null},{"name":"in sec","type":"number","links":[9,22]}],"properties":{}},{"id":10,"type":"basic/const","pos":[298,560],"size":{"0":140,"1":26},"flags":{},"order":1,"mode":0,"outputs":[{"name":"value","type":"number","links":[10,23],"label":"4.000"}],"properties":{"value":4}},{"id":15,"type":"math/gate","pos":[961,483],"size":{"0":140,"1":66},"flags":{},"order":3,"mode":0,"inputs":[{"name":"v","type":"boolean","link":21},{"name":"A","type":0,"link":22},{"name":"B","type":0,"link":23}],"outputs":[{"name":"out","links":[24,25]}],"properties":{}}],"links":[[9,7,1,9,0,"number"],[10,10,0,9,1,"number"],[21,9,0,15,0,"boolean"],[22,7,1,15,1,0],[23,10,0,15,2,0],[24,15,0,5,0,"number"],[25,15,0,13,0,0]],"groups":[],"config":{},"version":0.4}