{"last_node_id":8,"last_link_id":9,"nodes":[{"id":4,"type":"widget/knob","pos":[408,59],"size":[81,93],"flags":{},"order":2,"mode":0,"outputs":[{"name":"","type":"number","links":[4]}],"title":"Main","properties":{"min":0,"max":1,"value":0.21000000000000002,"color":"#7AF","precision":2,"wcolor":"#7AF","size":50},"boxcolor":"rgba(128,128,128,1.0)"},{"id":5,"type":"widget/knob","pos":[398,350],"size":[84,100],"flags":{},"order":1,"mode":0,"outputs":[{"name":"","type":"number","links":[5]}],"title":"Reverb","properties":{"min":0,"max":1,"value":0.4099999999999999,"color":"#7AF","precision":2,"wcolor":"#7AF","size":50},"boxcolor":"rgba(128,128,128,1.0)"},{"id":7,"type":"audio/convolver","pos":[421,253],"size":{"0":140,"1":31},"flags":{},"order":3,"mode":0,"inputs":[{"name":"in","type":"audio","link":7}],"outputs":[{"name":"out","type":"audio","links":[8]}],"properties":{"impulse_src":"demodata/impulse.wav","normalize":true}},{"id":1,"type":"audio/mixer","pos":[655,183],"size":{"0":145,"1":94},"flags":{},"order":4,"mode":0,"inputs":[{"name":"in1","type":"audio","link":0},{"name":"in1 gain","type":"number","link":4},{"name":"in2","type":"audio","link":8},{"name":"in2 gain","type":"number","link":5}],"outputs":[{"name":"out","type":"audio","links":[3]}],"properties":{"gain1":0.5,"gain2":0.8}},{"id":3,"type":"audio/destination","pos":[911,180],"size":{"0":141,"1":34},"flags":{},"order":5,"mode":0,"inputs":[{"name":"in","type":"audio","link":3}],"properties":{}},{"id":0,"type":"audio/source","pos":[195,187],"size":{"0":143,"1":30},"flags":{},"order":0,"mode":0,"inputs":[{"name":"gain","type":"number","link":null}],"outputs":[{"name":"out","type":"audio","links":[0,7]}],"properties":{"src":"demodata/audio.wav","gain":0.5,"loop":true,"autoplay":true,"playbackRate":1},"boxcolor":"#AA4"}],"links":[[0,0,0,1,0,null],[1,0,0,2,0,null],[3,1,0,3,0,null],[4,4,0,1,1,null],[5,5,0,1,3,null],[6,6,0,2,1,null],[7,0,0,7,0,null],[8,7,0,1,2,null]],"groups":[],"config":{},"version":0.4}