{"last_node_id":16,"last_link_id":16,"nodes":[{"id":9,"type":"widget/knob","pos":[440,81],"size":[80,100],"flags":{},"mode":0,"outputs":[{"name":"","type":"number","links":[8,9]}],"properties":{"min":0,"max":4,"value":0.24000000000000002,"wcolor":"#7AF","size":50},"boxcolor":"rgba(128,128,128,1.0)"},{"id":10,"type":"basic/watch","pos":[537,81],"size":{"0":140,"1":26},"flags":{},"mode":0,"inputs":[{"name":"value","type":0,"link":9,"label":"0.000"}],"outputs":[{"name":"value","type":0,"links":null,"label":""}],"properties":{"value":0.24000000000000002}},{"id":1,"type":"audio/destination","pos":[699,83],"size":{"0":140,"1":26},"flags":{},"mode":0,"inputs":[{"name":"in","type":"audio","link":1}],"properties":{}},{"id":6,"type":"widget/knob","pos":[116,179],"size":[80,100],"flags":{},"mode":0,"outputs":[{"name":"","type":"number","links":[5]}],"properties":{"min":0,"max":1,"value":0.5099999999999996,"wcolor":"#7AF","size":50},"boxcolor":"rgba(128,128,128,1.0)"},{"id":0,"type":"audio/source","pos":[272,192],"size":{"0":140,"1":86},"flags":{},"mode":0,"inputs":[{"name":"gain","type":"number","link":5},{"name":"Play","type":-1,"link":6},{"name":"Stop","type":-1,"link":7},{"name":"playbackRate","type":"number","link":8}],"outputs":[{"name":"out","type":"audio","links":[0]}],"properties":{"src":"demodata/audio.wav","gain":0.5,"loop":true,"autoplay":true,"playbackRate":0.24000000000000002},"boxcolor":"#AA4"},{"id":2,"type":"audio/biquadfilter","pos":[442,228],"size":{"0":140,"1":46},"flags":{},"mode":0,"inputs":[{"name":"in","type":"audio","link":0},{"name":"frequency","type":"number","link":4}],"outputs":[{"name":"out","type":"audio","links":[1,2]}],"properties":{"frequency":350,"detune":0,"Q":1,"type":"lowpass"}},{"id":3,"type":"audio/analyser","pos":[704,231],"size":{"0":140,"1":46},"flags":{},"mode":0,"inputs":[{"name":"in","type":"audio","link":2}],"outputs":[{"name":"freqs","type":"array","links":[3,10]},{"name":"samples","type":"array","links":null}],"properties":{"fftSize":2048,"minDecibels":-100,"maxDecibels":-10,"smoothingTimeConstant":0.5}},{"id":11,"type":"audio/signal","pos":[882,395],"size":{"0":140,"1":46},"flags":{},"mode":0,"inputs":[{"name":"freqs","type":"array","link":10},{"name":"band","type":"number","link":11}],"outputs":[{"name":"signal","type":"number","links":[12]}],"properties":{"band":440,"amplitude":1,"samplerate":44100}},{"id":4,"type":"audio/visualization","pos":[885,503],"size":{"0":140,"1":46},"flags":{},"mode":0,"inputs":[{"name":"freqs","type":"array","link":3},{"name":"mark","type":"number","link":13}],"properties":{"continuous":true,"mark":12000.000000000005,"samplerate":44100}},{"id":5,"type":"widget/knob","pos":[112,314],"size":[80,100],"flags":{},"mode":0,"outputs":[{"name":"","type":"number","links":[4]}],"properties":{"min":0,"max":20000,"value":14800.00000000001,"wcolor":"#7AF","size":50},"boxcolor":"rgba(128,128,128,1.0)"},{"id":13,"type":"basic/watch","pos":[110,458],"size":{"0":140,"1":26},"flags":{},"mode":0,"inputs":[{"name":"value","type":0,"link":12,"label":"0.000"}],"outputs":[{"name":"value","type":0,"links":[14],"label":""}],"title":"Max. Signal","properties":{"value":0.3843137254901945}},{"id":14,"type":"widget/progress","pos":[300,460],"size":{"0":140,"1":26},"flags":{},"mode":0,"inputs":[{"name":"","type":"number","link":14}],"properties":{"min":0,"max":1,"value":0.3843137254901945,"wcolor":"#AAF"}},{"id":12,"type":"widget/knob","pos":[460,458],"size":[80,100],"flags":{},"mode":0,"outputs":[{"name":"","type":"number","links":[11,13,15]}],"properties":{"min":0,"max":24000,"value":12000.000000000005,"wcolor":"#7AF","size":50},"boxcolor":"rgba(128,128,128,1.0)"},{"id":15,"type":"basic/watch","pos":[888,598],"size":{"0":140,"1":26},"flags":{},"mode":0,"inputs":[{"name":"value","type":0,"link":15,"label":"0.000"}],"outputs":[{"name":"value","type":0,"links":null,"label":""}],"properties":{"value":12000.000000000005}},{"id":7,"type":"widget/button","pos":[113,83],"size":{"0":141,"1":60},"flags":{},"mode":0,"outputs":[{"name":"clicked","type":-1,"links":[6]}],"properties":{"text":"Play","font_size":30,"message":"","font":"40px Arial"}},{"id":8,"type":"widget/button","pos":[273,83],"size":{"0":143,"1":62},"flags":{},"mode":0,"outputs":[{"name":"clicked","type":-1,"links":[7]}],"properties":{"text":"Stop","font_size":30,"message":"","font":"40px Arial"}}],"links":[[0,0,0,2,0,null],[1,2,0,1,0,null],[2,2,0,3,0,null],[3,3,0,4,0,null],[4,5,0,2,1,null],[5,6,0,0,0,null],[6,7,0,0,1,null],[7,8,0,0,2,null],[8,9,0,0,3,null],[9,9,0,10,0,null],[10,3,0,11,0,null],[11,12,0,11,1,null],[12,11,0,13,0,null],[13,12,0,4,1,null],[14,13,0,14,0,null],[15,12,0,15,0,null]],"groups":[],"config":{}}