{"last_node_id":7,"last_link_id":7,"nodes":[{"id":6,"type":"widget/knob","pos":[199,296],"size":[64,84],"flags":{},"order":3,"mode":0,"outputs":[{"name":"","type":"number","links":[6]}],"properties":{"min":0,"max":2,"value":0.8799999999999999,"color":"#7AF","precision":2,"wcolor":"#7AF","size":50},"boxcolor":"rgba(112,112,112,1.0)"},{"id":0,"type":"audio/source","pos":[195,187],"size":{"0":137,"1":33},"flags":{},"order":0,"mode":0,"inputs":[{"name":"gain","type":"number","link":null}],"outputs":[{"name":"out","type":"audio","links":[0,1]}],"properties":{"src":"demodata/audio.wav","gain":0.5,"loop":true,"autoplay":true,"playbackRate":1},"boxcolor":"#AA4"},{"id":4,"type":"widget/knob","pos":[408,59],"size":[82,75],"flags":{},"order":1,"mode":0,"outputs":[{"name":"","type":"number","links":[4]}],"properties":{"min":0,"max":1,"value":0.24000000000000007,"color":"#7AF","precision":2,"wcolor":"#7AF","size":50},"boxcolor":"rgba(128,128,128,1.0)"},{"id":2,"type":"audio/delay","pos":[385,255],"size":{"0":143,"1":49},"flags":{},"order":4,"mode":0,"inputs":[{"name":"in","type":"audio","link":1},{"name":"time","type":"number","link":6}],"outputs":[{"name":"out","type":"audio","links":[2]}],"properties":{"delayTime":0.5,"time":1}},{"id":5,"type":"widget/knob","pos":[433,371],"size":[79,79],"flags":{},"order":2,"mode":0,"outputs":[{"name":"","type":"number","links":[5]}],"properties":{"min":0,"max":1,"value":0.5199999999999996,"color":"#7AF","precision":2,"wcolor":"#7AF","size":50},"boxcolor":"rgba(128,128,128,1.0)"},{"id":1,"type":"audio/mixer","pos":[657,180],"size":{"0":147,"1":91},"flags":{},"order":5,"mode":0,"inputs":[{"name":"in1","type":"audio","link":0},{"name":"in1 gain","type":"number","link":4},{"name":"in2","type":"audio","link":2},{"name":"in2 gain","type":"number","link":5}],"outputs":[{"name":"out","type":"audio","links":[3]}],"properties":{"gain1":0.5,"gain2":0.8}},{"id":3,"type":"audio/destination","pos":[911,180],"size":{"0":145,"1":30},"flags":{},"order":6,"mode":0,"inputs":[{"name":"in","type":"audio","link":3}],"properties":{}}],"links":[[0,0,0,1,0,null],[1,0,0,2,0,null],[2,2,0,1,2,null],[3,1,0,3,0,null],[4,4,0,1,1,null],[5,5,0,1,3,null],[6,6,0,2,1,null]],"groups":[],"config":{},"version":0.4}