{"last_node_id":14,"last_link_id":14,"nodes":[{"id":9,"type":"features/slots","pos":[847,479],"size":[100,40],"flags":{"horizontal":true},"mode":0,"inputs":[{"name":"C","type":"number","link":6}],"outputs":[{"name":"A","type":"number","links":null},{"name":"B","type":"number","links":null}],"properties":{}},{"id":7,"type":"features/slots","pos":[757,380],"size":[100,40],"flags":{"horizontal":true},"mode":0,"inputs":[{"name":"C","type":"number","link":13}],"outputs":[{"name":"A","type":"number","links":[10]},{"name":"B","type":"number","links":[6]}],"properties":{}},{"id":8,"type":"features/slots","pos":[672,481],"size":[100,40],"flags":{"horizontal":true},"mode":0,"inputs":[{"name":"C","type":"number","link":10}],"outputs":[{"name":"A","type":"number","links":null},{"name":"B","type":"number","links":null}],"properties":{}},{"id":5,"type":"math/operation","pos":[413,101],"size":[140,34],"flags":{"collapsed":true},"mode":0,"inputs":[{"name":"A","type":"number","link":null},{"name":"B","type":"number","link":null}],"outputs":[{"name":"=","type":"number","links":[2]}],"properties":{"A":1,"B":1,"OP":"+"},"shape":2},{"id":12,"type":"input/gamepad","pos":[593,208],"size":{"0":175,"1":74},"flags":{},"mode":0,"outputs":[{"name":"left_x_axis","type":"number","links":null},{"name":"left_y_axis","type":"number","links":null},{"name":"button_pressed","type":-1,"links":[12]}],"properties":{"gamepad_index":0,"threshold":0.1}},{"id":13,"type":"events/log","pos":[862,246],"size":{"0":144,"1":32},"flags":{},"mode":0,"inputs":[{"name":"event","type":-1,"link":12}],"properties":{}},{"id":14,"type":"features/widgets","pos":[441,365],"size":{"0":180,"1":170},"flags":{},"mode":0,"outputs":[{"name":"","type":"number","links":[13]}],"properties":{}},{"id":10,"type":"widget/knob","pos":[421,197],"size":[74,92],"flags":{},"mode":0,"outputs":[{"name":"","type":"number","links":[9]}],"properties":{"min":0,"max":1,"value":0.5,"wcolor":"#7AF","size":50}},{"id":4,"type":"math/operation","pos":[596,116],"size":[148,48],"flags":{},"mode":0,"inputs":[{"name":"A","type":"number","link":2},{"name":"B","type":"number","link":9}],"outputs":[{"name":"=","type":"number","links":[1]}],"properties":{"A":1,"B":1,"OP":"+"},"shape":2},{"id":2,"type":"features/shape","pos":[850,97],"size":{"0":140,"1":39},"flags":{},"mode":0,"inputs":[{"name":"","type":"number","link":1}],"outputs":[{"name":"","type":"number","links":null}],"properties":{}}],"links":[[1,4,0,2,0,"number"],[2,5,0,4,0,"number"],[6,7,1,9,0,"number"],[9,10,0,4,1,"number"],[10,7,0,8,0,"number"],[12,12,2,13,0,-1],[13,14,0,7,0,"number"]],"groups":[{"title":"Group","bounding":[418,298,609,255],"color":"#3f789e"}],"config":{}}