{"last_node_id":47,"last_link_id":64,"nodes":[{"id":8,"type":"midi/generator","pos":[548,390],"size":{"0":140,"1":66},"flags":{},"mode":0,"inputs":[{"name":"generate","type":-1,"link":11},{"name":"scale","type":"string","link":47},{"name":"octave","type":"number","link":null}],"outputs":[{"name":"note","type":-1,"links":[10,19]}],"properties":{"notes":"A,B,C","octave":2,"duration":0.5,"mode":"sequence"}},{"id":20,"type":"midi/transpose","pos":[726,489],"size":{"0":140,"1":46},"flags":{},"mode":0,"inputs":[{"name":"in","type":-1,"link":19},{"name":"amount","type":"number","link":null}],"outputs":[{"name":"out","type":-1,"links":[21]}],"properties":{"amount":5}},{"id":32,"type":"midi/event","pos":[1465,656],"size":{"0":140,"1":46},"flags":{},"mode":0,"inputs":[{"name":"send","type":-1,"link":null},{"name":"assign","type":-1,"link":44}],"outputs":[{"name":"on_midi","type":-1,"links":null},{"name":"note","type":"number","links":[45]}],"properties":{"channel":0,"cmd":128,"value1":0,"value2":0}},{"id":19,"type":"midi/play","pos":[1132,611],"size":{"0":140,"1":66},"flags":{},"mode":0,"inputs":[{"name":"note","type":-1,"link":53},{"name":"volume","type":"number","link":36},{"name":"duration","type":"number","link":null}],"outputs":[{"name":"note","type":-1,"links":[35,44]}],"properties":{"volume":0.3599999999999999,"duration":4,"value":0}},{"id":21,"type":"midi/quantize","pos":[903,589],"size":{"0":159.60000610351562,"1":46},"flags":{},"mode":0,"inputs":[{"name":"note","type":-1,"link":21},{"name":"scale","type":"string","link":49}],"outputs":[{"name":"out","type":-1,"links":[53]}],"properties":{"scale":"A,A#,B,C,C#,D,D#,E,F,F#,G,G#","amount":"A,B,C,D,E,F,G"}},{"id":37,"type":"basic/watch","pos":[547,615],"size":{"0":140,"1":26},"flags":{},"mode":0,"inputs":[{"name":"value","type":0,"link":52,"label":"A,B,C,B"}],"properties":{}},{"id":35,"type":"basic/string","pos":[79,456],"size":[210,58],"flags":{},"mode":0,"outputs":[{"name":"value","type":"string","links":[50],"label":"A,B,C"}],"title":"NOTE SCALE","properties":{"value":"A,B,C,B"}},{"id":7,"type":"midi/generator","pos":[549,289],"size":{"0":140,"1":66},"flags":{},"mode":0,"inputs":[{"name":"generate","type":-1,"link":5},{"name":"scale","type":"string","link":48},{"name":"octave","type":"number","link":null}],"outputs":[{"name":"note","type":-1,"links":[7,12]}],"properties":{"notes":"A,B,C","octave":2,"duration":0.5,"mode":"random"}},{"id":41,"type":"midi/generator","pos":[552,189],"size":{"0":140,"1":66},"flags":{},"mode":0,"inputs":[{"name":"generate","type":-1,"link":57},{"name":"scale","type":"string","link":55},{"name":"octave","type":"number","link":null}],"outputs":[{"name":"note","type":-1,"links":[62]}],"properties":{"notes":"A,B,C","octave":3,"duration":0.5,"mode":"sequence"}},{"id":12,"type":"events/timer","pos":[180,284],"size":{"0":140,"1":26},"flags":{},"mode":0,"inputs":[{"name":"interval","type":"number","link":null}],"outputs":[{"name":"on_tick","type":-1,"links":[11]}],"properties":{"interval":1200,"event":"tick"},"boxcolor":"#222"},{"id":34,"type":"logic/selector","pos":[351,468],"size":{"0":140,"1":106},"flags":{},"mode":0,"inputs":[{"name":"sel","type":"number","link":58},{"name":"A","type":0,"link":46},{"name":"B","type":0,"link":50},{"name":"C","type":0,"link":59},{"name":"D","type":0,"link":null}],"outputs":[{"name":"out","links":[47,48,49,52,55]}],"properties":{}},{"id":47,"type":"midi/keys","pos":[1153,88],"size":[423,104],"flags":{},"mode":0,"inputs":[{"name":"note","type":-1,"link":62},{"name":"reset","type":-1,"link":null}],"outputs":[{"name":"note","type":-1,"links":[63]}],"properties":{"num_octaves":2,"start_octave":3}},{"id":15,"type":"math/floor","pos":[505,85],"size":[140,26],"flags":{"collapsed":true},"mode":0,"inputs":[{"name":"in","type":"number","link":14}],"outputs":[{"name":"out","type":"number","links":[15]}],"properties":{}},{"id":14,"type":"math/rand","pos":[344,83],"size":[140,26],"flags":{"collapsed":true},"mode":0,"outputs":[{"name":"value","type":"number","links":[14],"label":"1.191"}],"properties":{"min":-1,"max":2}},{"id":16,"type":"math/operation","pos":[645,85],"size":[100,50],"flags":{"collapsed":true},"mode":0,"inputs":[{"name":"A","type":"number","link":15},{"name":"B","type":"number","link":null}],"outputs":[{"name":"=","type":"number","links":[16]}],"properties":{"A":1,"B":12,"OP":"*"}},{"id":10,"type":"basic/string","pos":[77,360],"size":[208,48],"flags":{},"mode":0,"outputs":[{"name":"value","type":"string","links":[46],"label":"A,B,C"}],"title":"NOTE SCALE","properties":{"value":"A,B,C,D,E,F,G"}},{"id":43,"type":"basic/string","pos":[79,556],"size":[210,58],"flags":{},"mode":0,"outputs":[{"name":"value","type":"string","links":[59],"label":"A,B,C"}],"title":"NOTE SCALE","properties":{"value":"D,E,F,G,F,E"}},{"id":44,"type":"math/rand","pos":[143,664],"size":[140,26],"flags":{},"mode":0,"outputs":[{"name":"value","type":"number","links":[58],"label":"0.750"}],"properties":{"min":0,"max":1}},{"id":11,"type":"midi/play","pos":[1135,496],"size":{"0":140,"1":66},"flags":{},"mode":0,"inputs":[{"name":"note","type":-1,"link":10},{"name":"volume","type":"number","link":18},{"name":"duration","type":"number","link":null}],"outputs":[{"name":"note","type":-1,"links":[34,43]}],"properties":{"volume":0.3599999999999999,"duration":4,"value":0}},{"id":13,"type":"midi/transpose","pos":[893,258],"size":{"0":140,"1":46},"flags":{},"mode":0,"inputs":[{"name":"in","type":-1,"link":12},{"name":"amount","type":"number","link":16}],"outputs":[{"name":"out","type":-1,"links":[54]}],"properties":{"amount":12}},{"id":4,"type":"midi/play","pos":[1155,249],"size":{"0":140,"1":66},"flags":{},"mode":0,"inputs":[{"name":"note","type":-1,"link":54},{"name":"volume","type":"number","link":17},{"name":"duration","type":"number","link":null}],"outputs":[{"name":"note","type":-1,"links":[33,39]}],"properties":{"volume":0.21000000000000005,"duration":1,"value":0}},{"id":30,"type":"midi/event","pos":[1433,260],"size":{"0":140,"1":46},"flags":{},"mode":0,"inputs":[{"name":"send","type":-1,"link":null},{"name":"assign","type":-1,"link":39}],"outputs":[{"name":"on_midi","type":-1,"links":null},{"name":"note","type":"number","links":[38]}],"properties":{"channel":0,"cmd":128,"value1":57,"value2":0}},{"id":28,"type":"midi/output","pos":[1428,414],"size":{"0":140,"1":66},"flags":{},"mode":0,"inputs":[{"name":"send","type":-1,"link":33},{"name":"send","type":-1,"link":34},{"name":"send","type":-1,"link":35}],"properties":{"port":0}},{"id":31,"type":"midi/event","pos":[1469,563],"size":{"0":140,"1":46},"flags":{},"mode":0,"inputs":[{"name":"send","type":-1,"link":null},{"name":"assign","type":-1,"link":43}],"outputs":[{"name":"on_midi","type":-1,"links":null},{"name":"note","type":"number","links":[42]}],"properties":{"channel":0,"cmd":128,"value1":50,"value2":0}},{"id":29,"type":"graphics/plot","pos":[1675,328],"size":{"0":348,"1":139},"flags":{},"mode":0,"inputs":[{"name":"A","type":"Number","link":38},{"name":"B","type":"Number","link":42},{"name":"C","type":"Number","link":45},{"name":"D","type":"Number","link":null}],"properties":{"scale":100}},{"id":46,"type":"math/rand","pos":[1455,42],"size":[140,26],"flags":{"collapsed":true},"mode":0,"outputs":[{"name":"value","type":"number","links":[60],"label":"0.007"}],"properties":{"min":0,"max":0.2}},{"id":39,"type":"midi/play","pos":[1656,116],"size":{"0":140,"1":66},"flags":{},"mode":0,"inputs":[{"name":"note","type":-1,"link":63},{"name":"volume","type":"number","link":60},{"name":"duration","type":"number","link":null}],"outputs":[{"name":"note","type":-1,"links":[]}],"properties":{"volume":0.006812153971126511,"duration":1,"value":0}},{"id":3,"type":"events/timer","pos":[178,212],"size":{"0":140,"1":26},"flags":{},"mode":0,"inputs":[{"name":"interval","type":"number","link":null}],"outputs":[{"name":"on_tick","type":-1,"links":[5,57]}],"properties":{"interval":300,"event":"tick"},"boxcolor":"#222"},{"id":18,"type":"widget/knob","pos":[819,62],"size":[82.78512396694214,93.87603305785123],"flags":{},"mode":0,"outputs":[{"name":"","type":"number","links":[18,36]}],"properties":{"min":0,"max":1,"value":0.4504132231404958,"wcolor":"#7AF","size":50},"boxcolor":"rgba(128,128,128,1.0)"},{"id":17,"type":"widget/knob","pos":[916,62],"size":[78.34710743801656,94.70247933884298],"flags":{"collapsed":false},"mode":0,"outputs":[{"name":"","type":"number","links":[17]}],"properties":{"min":0,"max":1,"value":0.21000000000000005,"wcolor":"#7AF","size":50},"boxcolor":"rgba(128,128,128,1.0)"},{"id":6,"type":"midi/show","pos":[898,357],"size":[266.5950413223138,61.685950413223],"flags":{},"mode":0,"inputs":[{"name":"on_midi","type":-1,"link":7}],"properties":{}}],"links":[[5,3,0,7,0,-1],[7,7,0,6,0,-1],[10,8,0,11,0,-1],[11,12,0,8,0,-1],[12,7,0,13,0,-1],[14,14,0,15,0,"number"],[15,15,0,16,0,"number"],[16,16,0,13,1,"number"],[17,17,0,4,1,"number"],[18,18,0,11,1,"number"],[19,8,0,20,0,-1],[21,20,0,21,0,-1],[33,4,0,28,0,-1],[34,11,0,28,1,-1],[35,19,0,28,2,-1],[36,18,0,19,1,"number"],[38,30,1,29,0,"Number"],[39,4,0,30,1,-1],[42,31,1,29,1,"Number"],[43,11,0,31,1,-1],[44,19,0,32,1,-1],[45,32,1,29,2,"Number"],[46,10,0,34,1,0],[47,34,0,8,1,"string"],[48,34,0,7,1,"string"],[49,34,0,21,1,"string"],[50,35,0,34,2,0],[52,34,0,37,0,0],[53,21,0,19,0,-1],[54,13,0,4,0,-1],[55,34,0,41,1,"string"],[57,3,0,41,0,-1],[58,44,0,34,0,"number"],[59,43,0,34,3,0],[60,46,0,39,1,"number"],[62,41,0,47,0,-1],[63,47,0,39,0,-1]],"groups":[],"config":{}}